datetime,count_GB,count_RF
05-06-2012 5:00,12,11
19-03-2011 19:00,103,94
02-04-2012 6:00,41,62
13-07-2012 20:00,400,387
09-11-2011 19:00,221,232
10-03-2012 0:00,37,37
19-05-2011 13:00,148,166
01-05-2011 8:00,54,57
07-07-2012 8:00,173,178
07-05-2011 16:00,355,375
09-04-2011 11:00,214,210
16-06-2011 04:00,5,4
13-07-2012 22:00,263,288
02-03-2012 14:00,185,172
18-05-2012 15:00,362,358
14-12-2011 22:00,95,100
17-02-2012 19:00,279,275
15-04-2012 18:00,440,532
06-10-2012 23:00,101,88
17-07-2012 00:00,52,43
13-09-2012 11:00,267,249
13-01-2012 07:00,241,251
11-08-2012 8:00,232,191
17-09-2011 08:00,95,104
04-11-2011 11:00,92,84
01-10-2011 11:00,40,51
03-03-2011 12:00,75,69
05-12-2012 19:00,340,303
18-06-2012 23:00,74,75
19-09-2012 18:00,843,871
08-11-2011 19:00,313,278
18-02-2011 13:00,138,171
07-11-2011 10:00,82,74
10-08-2011 14:00,228,201
02-05-2012 0:00,86,80
14-01-2011 14:00,65,56
17-07-2011 01:00,101,85
14-07-2011 15:00,192,178
04-03-2011 3:00,7,6
18-12-2012 15:00,235,258
14-12-2012 10:00,166,165
14-05-2011 03:00,22,30
19-03-2012 23:00,79,71
08-01-2011 5:00,8,7
13-08-2011 06:00,27,32
04-08-2011 2:00,8,8
03-02-2012 5:00,11,16
16-12-2012 21:00,94,101
04-01-2011 9:00,177,145
06-04-2011 1:00,31,45
09-03-2012 11:00,174,168
12-10-2012 20:00,283,291
14-06-2011 20:00,289,270
06-12-2012 2:00,5,4
03-12-2012 2:00,6,7
10-07-2011 17:00,403,424
09-01-2012 22:00,73,79
10-01-2012 17:00,680,573
07-08-2012 4:00,10,11
17-01-2011 04:00,2,2
03-05-2011 15:00,128,161
08-04-2012 7:00,62,52
04-07-2011 5:00,8,8
13-01-2011 14:00,57,49
18-08-2012 23:00,189,189
11-12-2012 0:00,22,11
11-03-2012 9:00,169,170
18-03-2012 08:00,122,101
06-12-2011 3:00,14,18
05-11-2011 14:00,243,300
10-10-2012 11:00,241,252
02-11-2011 20:00,99,123
18-07-2011 21:00,210,195
09-03-2011 15:00,160,139
10-12-2012 17:00,547,489
02-01-2011 20:00,58,54
01-10-2012 10:00,143,159
17-07-2012 14:00,165,188
07-03-2012 15:00,271,238
09-02-2011 22:00,49,40
16-01-2011 01:00,31,25
19-02-2012 12:00,253,221
09-02-2011 2:00,7,4
06-09-2011 9:00,220,201
11-06-2011 8:00,106,104
08-02-2011 2:00,5,5
15-08-2012 14:00,253,275
17-05-2011 12:00,115,132
03-04-2012 18:00,556,624
14-05-2011 07:00,39,59
06-01-2011 8:00,271,227
04-05-2011 22:00,79,81
14-08-2011 18:00,316,345
01-12-2012 18:00,177,168
11-01-2011 17:00,236,236
10-02-2011 17:00,361,245
08-02-2011 23:00,35,29
13-03-2011 04:00,5,4
18-06-2012 15:00,252,262
16-04-2012 18:00,505,572
05-09-2011 10:00,245,271
17-09-2012 05:00,43,43
05-12-2011 19:00,290,262
10-01-2011 1:00,18,40
08-05-2012 8:00,472,659
08-07-2011 16:00,210,178
06-09-2012 7:00,357,421
06-11-2012 17:00,586,574
05-03-2012 20:00,154,113
01-10-2011 13:00,72,95
17-04-2011 14:00,287,340
18-08-2012 11:00,538,559
03-09-2012 22:00,194,154
13-03-2011 08:00,45,48
12-05-2011 8:00,443,400
10-10-2011 11:00,291,340
11-04-2012 10:00,206,196
15-05-2011 09:00,178,159
06-10-2011 17:00,517,552
12-06-2011 7:00,64,51
15-04-2011 20:00,101,107
05-04-2012 14:00,316,305
13-04-2012 14:00,336,340
10-05-2012 8:00,671,749
02-02-2011 15:00,72,75
09-03-2011 9:00,195,175
19-05-2012 20:00,409,334
11-07-2012 18:00,801,839
18-04-2012 02:00,8,8
19-09-2012 13:00,299,305
04-11-2012 20:00,120,200
15-12-2012 11:00,399,364
08-04-2012 3:00,20,6
11-09-2011 0:00,49,48
16-12-2012 11:00,308,308
03-03-2012 15:00,419,491
03-11-2011 12:00,143,151
15-01-2012 01:00,48,50
07-10-2011 1:00,40,59
07-11-2011 0:00,21,21
04-03-2011 18:00,193,220
14-03-2012 12:00,255,256
11-05-2012 4:00,9,9
16-12-2012 07:00,26,46
01-03-2011 11:00,62,71
12-01-2012 5:00,11,8
13-08-2011 21:00,153,132
19-11-2012 01:00,10,11
09-09-2012 12:00,701,610
06-09-2011 16:00,36,125
17-08-2012 14:00,306,357
16-08-2011 07:00,314,324
01-04-2011 6:00,24,25
03-06-2012 17:00,499,538
09-01-2012 17:00,307,248
18-10-2012 04:00,7,6
02-06-2012 21:00,249,253
02-12-2011 17:00,228,244
02-08-2012 14:00,172,209
03-12-2011 5:00,3,3
12-10-2012 19:00,427,363
02-05-2012 17:00,520,496
07-11-2012 14:00,179,188
05-04-2012 3:00,6,7
03-06-2012 12:00,386,393
01-04-2011 3:00,1,3
04-01-2011 5:00,6,7
06-04-2012 3:00,5,6
09-07-2012 18:00,768,805
17-08-2012 22:00,150,146
17-11-2012 14:00,501,514
19-03-2012 21:00,245,265
05-01-2012 15:00,216,189
17-02-2011 03:00,2,2
13-04-2011 04:00,3,6
18-11-2011 04:00,5,4
12-09-2011 6:00,87,99
13-12-2011 08:00,383,384
06-01-2011 21:00,93,66
11-11-2011 18:00,231,236
08-03-2012 16:00,408,460
05-09-2012 18:00,749,545
09-03-2011 9:00,191,179
02-06-2011 9:00,167,193
19-03-2012 14:00,242,251
10-11-2012 2:00,24,14
18-12-2012 21:00,179,174
02-05-2011 4:00,5,5
08-05-2011 4:00,7,6
17-08-2012 01:00,39,43
14-11-2011 23:00,70,70
15-11-2011 05:00,23,33
09-01-2012 23:00,68,58
10-11-2012 5:00,25,20
03-12-2011 14:00,162,178
08-03-2011 14:00,135,134
08-09-2012 15:00,188,341
13-08-2012 09:00,332,340
04-05-2011 6:00,17,23
17-03-2011 21:00,95,93
01-04-2012 2:00,13,13
15-03-2012 17:00,713,744
05-05-2012 10:00,388,431
11-10-2012 14:00,377,338
14-06-2012 05:00,35,29
01-08-2011 5:00,8,8
03-08-2011 3:00,4,4
09-06-2011 6:00,98,92
08-08-2011 17:00,521,539
16-04-2011 22:00,35,32
13-01-2011 05:00,6,4
07-04-2012 20:00,322,325
06-08-2012 1:00,35,30
08-07-2012 0:00,66,79
04-11-2011 12:00,115,104
08-04-2011 13:00,91,97
13-02-2011 17:00,140,137
01-08-2011 7:00,120,148
10-06-2011 1:00,18,20
11-03-2011 9:00,218,185
12-06-2012 18:00,639,468
15-05-2011 15:00,373,373
01-10-2011 12:00,90,98
08-01-2011 23:00,32,15
12-06-2012 0:00,79,63
07-04-2012 16:00,463,489
01-05-2012 8:00,482,517
14-09-2012 08:00,658,730
01-05-2011 17:00,93,102
04-11-2012 23:00,58,68
13-01-2012 09:00,234,254
06-01-2012 21:00,182,174
15-07-2011 21:00,230,230
13-05-2011 03:00,6,5
11-12-2012 23:00,75,97
09-06-2012 16:00,518,506
16-02-2012 22:00,122,108
10-12-2011 16:00,213,202
10-07-2012 16:00,481,484
02-10-2011 3:00,3,3
04-08-2011 3:00,4,3
11-07-2011 15:00,168,159
12-04-2012 20:00,250,269
05-01-2012 3:00,4,4
10-02-2011 20:00,64,45
13-06-2012 13:00,271,279
03-12-2011 6:00,7,7
19-11-2011 07:00,24,31
07-03-2011 6:00,32,64
17-04-2012 08:00,617,599
13-10-2012 17:00,500,467
11-05-2012 4:00,7,9
12-02-2011 7:00,22,18
09-04-2012 5:00,31,38
10-12-2011 9:00,143,136
06-12-2011 21:00,65,73
18-12-2012 00:00,27,29
05-06-2011 5:00,12,14
17-09-2011 11:00,307,313
12-12-2012 5:00,32,36
10-12-2011 20:00,119,106
13-04-2012 10:00,214,217
19-10-2011 02:00,8,8
19-02-2011 00:00,32,36
07-03-2012 4:00,4,3
14-10-2011 16:00,313,338
17-01-2012 21:00,130,145
13-08-2012 02:00,9,10
19-02-2011 06:00,6,6
03-08-2011 6:00,37,23
15-04-2012 08:00,159,144
08-02-2011 3:00,4,3
16-01-2011 10:00,75,72
12-12-2012 21:00,162,143
02-08-2012 9:00,319,311
17-12-2012 05:00,35,41
01-09-2011 2:00,18,23
19-04-2012 00:00,25,26
19-02-2011 18:00,102,113
05-04-2011 16:00,208,217
08-06-2011 18:00,408,440
18-10-2011 18:00,510,523
19-02-2012 23:00,34,37
09-01-2011 10:00,107,103
16-02-2011 01:00,5,6
13-12-2012 00:00,38,37
01-06-2012 16:00,191,255
18-03-2011 07:00,165,133
16-12-2012 04:00,7,8
05-05-2012 0:00,148,126
16-08-2012 19:00,608,578
06-08-2011 16:00,219,216
02-04-2012 6:00,44,63
13-01-2012 19:00,227,231
08-05-2011 19:00,318,281
08-08-2011 15:00,170,169
04-11-2011 4:00,4,4
01-08-2012 22:00,153,146
16-02-2012 06:00,91,86
16-01-2012 04:00,2,2
01-07-2012 3:00,27,28
18-06-2011 23:00,142,135
13-10-2011 06:00,68,66
02-01-2011 0:00,18,28
05-08-2011 0:00,88,93
03-10-2012 15:00,393,295
18-09-2012 09:00,248,316
09-10-2012 19:00,497,462
04-10-2012 9:00,336,276
10-08-2011 16:00,319,325
07-05-2012 5:00,41,36
04-02-2012 5:00,9,12
08-04-2012 4:00,11,10
02-07-2012 13:00,174,208
06-12-2011 16:00,85,115
03-10-2011 20:00,60,76
01-03-2012 22:00,102,118
10-05-2012 10:00,247,228
02-09-2011 20:00,174,191
01-09-2011 11:00,108,150
05-02-2012 6:00,25,13
07-06-2011 21:00,218,201
05-11-2011 22:00,74,75
07-04-2011 14:00,175,176
17-05-2012 02:00,11,13
07-02-2012 14:00,229,197
09-02-2012 0:00,62,68
12-02-2011 9:00,82,65
02-06-2011 23:00,62,58
09-11-2011 14:00,241,220
12-09-2012 10:00,266,229
12-03-2012 6:00,131,126
10-05-2012 3:00,9,10
19-01-2012 00:00,19,13
10-06-2012 22:00,262,253
04-11-2011 20:00,107,111
04-01-2012 13:00,131,133
02-09-2011 5:00,13,10
19-02-2011 16:00,153,149
03-05-2012 18:00,708,697
15-12-2012 23:00,128,120
01-05-2012 10:00,157,160
05-06-2012 20:00,300,301
01-01-2011 12:00,101,95
14-06-2012 02:00,9,8
01-07-2012 23:00,109,122
11-06-2012 22:00,205,206
16-05-2012 18:00,826,831
13-03-2011 00:00,43,46
12-06-2012 0:00,74,62
09-03-2012 14:00,230,186
07-10-2011 0:00,69,83
05-10-2011 21:00,171,190
11-02-2011 5:00,14,9
13-10-2012 00:00,122,111
07-11-2012 18:00,606,510
02-01-2012 19:00,120,97
03-12-2012 7:00,243,331
05-08-2012 17:00,526,513
14-03-2012 20:00,329,371
06-12-2011 1:00,40,59
05-11-2011 16:00,251,248
09-07-2012 11:00,279,262
03-03-2011 18:00,169,164
08-05-2011 14:00,366,386
04-09-2011 13:00,237,183
05-06-2012 17:00,719,706
07-11-2011 18:00,434,424
02-03-2012 0:00,35,29
02-10-2011 20:00,78,90
13-03-2012 07:00,316,367
12-06-2011 18:00,322,308
13-04-2012 17:00,731,745
14-07-2011 02:00,9,7
11-12-2011 11:00,220,220
04-04-2011 12:00,132,138
16-03-2012 07:00,326,340
16-05-2012 17:00,841,828
05-04-2012 11:00,246,224
11-11-2012 0:00,124,109
02-09-2011 3:00,3,3
02-05-2012 13:00,255,232
08-06-2012 16:00,463,461
11-11-2012 2:00,69,69
15-02-2012 12:00,164,166
14-04-2012 04:00,9,9
13-09-2011 23:00,91,79
01-03-2011 12:00,76,78
17-05-2011 03:00,3,4
19-09-2011 10:00,136,116
15-05-2011 02:00,49,57
02-11-2012 14:00,194,224
06-03-2012 20:00,133,120
08-08-2012 14:00,251,269
06-03-2012 17:00,509,478
11-01-2011 9:00,177,177
01-11-2011 8:00,222,261
19-11-2012 03:00,4,7
14-03-2012 06:00,120,118
02-02-2012 20:00,156,183
03-11-2011 0:00,21,20
09-03-2011 4:00,5,4
09-04-2011 3:00,12,16
14-08-2012 06:00,109,107
15-11-2012 00:00,36,42
13-12-2012 01:00,12,14
03-09-2012 2:00,34,25
01-11-2011 2:00,3,5
01-04-2011 5:00,5,7
01-01-2012 21:00,77,110
16-05-2012 15:00,276,276
15-07-2011 05:00,22,26
02-12-2011 5:00,4,5
02-02-2012 12:00,160,148
11-08-2011 4:00,6,6
11-10-2012 19:00,390,332
06-06-2011 2:00,7,6
13-11-2011 01:00,70,65
08-06-2011 12:00,221,227
03-07-2012 11:00,170,214
17-01-2011 15:00,84,77
16-04-2011 10:00,32,39
15-04-2011 09:00,157,183
07-05-2011 9:00,196,198
10-12-2012 2:00,12,6
09-09-2011 22:00,122,114
01-06-2012 9:00,287,300
18-05-2012 11:00,302,266
05-12-2011 18:00,426,384
09-04-2011 19:00,138,143
05-08-2011 12:00,232,220
14-08-2012 13:00,273,284
15-06-2011 22:00,157,158
08-07-2011 4:00,8,7
15-10-2012 05:00,38,42
14-01-2012 06:00,7,4
08-02-2012 23:00,77,59
13-07-2012 15:00,328,359
17-10-2012 07:00,451,392
02-07-2012 3:00,5,4
17-11-2012 08:00,132,135
18-11-2011 08:00,363,326
14-10-2012 02:00,76,79
14-01-2011 07:00,79,64
15-12-2012 10:00,293,286
18-12-2011 01:00,51,60
16-02-2011 05:00,7,5
04-08-2011 8:00,196,279
19-07-2011 19:00,412,297
08-11-2012 0:00,73,77
13-10-2012 18:00,418,405
04-05-2012 0:00,54,47
16-06-2011 17:00,428,327
11-10-2011 17:00,412,418
12-10-2012 3:00,5,5
19-11-2011 17:00,281,289
07-02-2011 5:00,8,4
05-05-2012 15:00,339,421
19-05-2012 07:00,94,88
11-04-2012 6:00,67,106
09-03-2012 17:00,728,585
09-11-2012 21:00,195,185
05-06-2011 17:00,402,401
15-03-2012 18:00,655,744
07-07-2012 4:00,12,11
03-05-2012 8:00,313,310
11-09-2012 22:00,238,242
03-01-2011 16:00,106,89
12-03-2012 2:00,6,5
14-05-2011 23:00,52,57
11-05-2011 13:00,253,244
08-10-2011 13:00,322,399
13-09-2011 19:00,405,357
11-05-2011 18:00,455,450
12-11-2011 11:00,270,289
17-02-2012 07:00,273,260
12-08-2012 10:00,398,446
19-09-2011 00:00,38,35
16-12-2011 23:00,80,67
09-08-2012 18:00,687,712
17-08-2011 19:00,422,377
02-11-2011 4:00,3,4
01-11-2011 7:00,143,141
13-08-2011 06:00,27,30
02-12-2012 13:00,289,339
01-10-2011 0:00,25,25
09-09-2012 23:00,116,93
02-04-2011 20:00,74,80
19-06-2011 07:00,35,41
16-07-2011 15:00,407,418
15-10-2012 03:00,5,6
16-08-2011 17:00,544,560
18-11-2011 22:00,88,81
15-08-2012 19:00,607,617
05-01-2012 9:00,275,255
06-06-2011 9:00,217,203
07-07-2011 15:00,174,167
16-07-2011 07:00,54,49
04-11-2012 0:00,31,25
02-08-2012 6:00,150,127
01-01-2012 8:00,30,35
09-11-2012 5:00,40,36
04-09-2011 1:00,47,28
17-01-2012 02:00,3,5
18-11-2012 02:00,69,51
03-05-2011 12:00,132,154
02-03-2012 18:00,173,239
11-09-2012 3:00,8,8
06-06-2011 19:00,418,380
06-08-2012 6:00,149,164
04-04-2012 11:00,206,226
19-03-2011 00:00,42,45
01-04-2012 3:00,6,4
19-04-2011 01:00,15,13
16-02-2011 15:00,95,100
16-07-2012 22:00,219,255
14-02-2012 04:00,3,2
13-12-2012 03:00,5,7
19-09-2011 22:00,135,124
05-12-2011 7:00,249,219
04-02-2012 18:00,179,148
09-02-2011 23:00,39,28
06-06-2011 6:00,89,97
12-04-2012 22:00,151,148
17-07-2011 19:00,279,317
13-03-2012 16:00,384,375
16-06-2012 18:00,482,591
16-04-2011 13:00,37,44
16-11-2012 21:00,182,176
14-12-2012 03:00,6,8
09-06-2012 13:00,478,531
06-06-2011 15:00,184,174
02-04-2012 21:00,189,161
14-01-2011 20:00,53,59
15-01-2012 03:00,17,14
03-09-2012 8:00,272,203
04-08-2011 9:00,172,174
10-07-2012 0:00,122,121
12-08-2011 10:00,141,128
02-02-2011 15:00,75,82
08-04-2012 6:00,29,22
02-05-2011 23:00,73,68
15-06-2012 01:00,36,27
15-09-2011 03:00,7,5
08-12-2012 2:00,63,71
06-11-2011 14:00,337,302
11-10-2012 23:00,147,145
12-06-2012 17:00,489,434
01-03-2011 20:00,64,64
11-02-2012 9:00,115,115
03-12-2011 15:00,177,179
11-10-2012 9:00,324,346
01-03-2011 10:00,46,67
06-10-2011 11:00,190,170
16-04-2012 10:00,313,294
11-06-2012 15:00,279,281
05-03-2012 11:00,156,133
08-07-2012 5:00,18,21
13-05-2011 00:00,48,60
13-08-2011 01:00,93,87
09-06-2011 7:00,321,311
07-11-2011 20:00,184,196
19-03-2011 09:00,87,91
14-11-2011 13:00,180,181
11-12-2011 8:00,62,46
18-11-2012 20:00,152,142
13-02-2012 11:00,94,99
18-04-2012 18:00,545,505
08-08-2011 6:00,99,96
03-07-2011 10:00,150,142
18-08-2012 06:00,22,30
13-03-2012 02:00,4,5
07-08-2012 18:00,600,602
07-02-2011 22:00,82,53
05-06-2012 22:00,173,165
12-06-2011 11:00,252,347
13-01-2012 11:00,115,130
08-07-2012 22:00,141,167
17-09-2011 23:00,105,101
05-02-2012 4:00,5,3
01-05-2011 19:00,90,129
06-10-2012 14:00,541,553
04-09-2012 16:00,441,340
07-11-2012 1:00,13,11
16-04-2011 14:00,77,85
17-07-2012 17:00,689,613
16-10-2012 21:00,221,192
09-05-2011 15:00,190,181
05-09-2011 9:00,158,176
06-10-2012 12:00,643,568
14-05-2012 07:00,158,137
07-08-2012 12:00,358,324
08-06-2012 23:00,140,109
07-09-2011 21:00,105,122
09-06-2012 13:00,487,551
15-06-2012 23:00,170,204
18-08-2012 19:00,441,423
15-12-2012 08:00,121,125
04-01-2012 14:00,128,129
01-04-2012 7:00,49,35
05-12-2011 8:00,284,285
12-01-2011 8:00,310,295
04-02-2012 19:00,99,98
12-03-2011 2:00,31,48
02-09-2011 5:00,13,10
06-12-2011 22:00,54,60
08-08-2011 21:00,212,196
09-02-2011 20:00,72,60
05-09-2012 3:00,6,4
15-11-2012 22:00,143,147
09-05-2012 4:00,2,4
01-03-2011 6:00,26,33
08-02-2011 10:00,93,73
09-02-2011 0:00,27,30
07-05-2011 10:00,209,283
01-11-2012 8:00,453,511
19-03-2011 09:00,89,85
06-02-2011 15:00,211,143
16-02-2011 07:00,104,105
06-10-2011 9:00,227,214
14-08-2012 21:00,296,314
16-02-2011 12:00,82,87
07-05-2011 6:00,39,29
05-08-2012 15:00,326,359
18-07-2012 12:00,237,253
15-04-2012 23:00,101,85
09-08-2011 17:00,521,548
09-06-2012 15:00,453,515
11-04-2012 18:00,364,366
09-09-2012 3:00,26,38
10-09-2012 12:00,300,290
15-09-2012 00:00,160,124
15-11-2011 01:00,13,15
18-02-2011 11:00,94,101
04-07-2011 2:00,20,27
02-07-2011 2:00,13,15
16-06-2011 01:00,16,20
02-11-2011 2:00,5,7
03-12-2012 5:00,17,15
12-12-2011 0:00,17,25
04-08-2012 4:00,11,12
02-07-2012 2:00,7,8
06-05-2012 23:00,116,90
03-05-2012 10:00,181,168
05-03-2012 6:00,99,124
17-01-2011 20:00,33,41
19-05-2011 15:00,184,171
01-05-2011 13:00,132,129
05-03-2011 0:00,16,31
18-01-2012 18:00,308,300
09-03-2011 20:00,97,91
07-02-2012 18:00,652,545
15-08-2012 01:00,24,33
17-06-2012 13:00,624,567
09-04-2012 16:00,455,458
15-09-2012 05:00,11,12
10-05-2011 14:00,179,181
13-06-2012 08:00,617,664
17-01-2012 15:00,149,145
07-06-2011 13:00,171,177
16-04-2011 04:00,4,5
11-09-2012 15:00,368,340
02-04-2012 20:00,222,197
09-07-2011 17:00,387,426
19-07-2011 09:00,206,206
13-06-2012 02:00,9,8
04-10-2011 8:00,250,280
09-05-2011 13:00,187,190
14-11-2012 13:00,225,219
04-09-2011 3:00,19,21
19-08-2012 08:00,128,125
10-03-2012 12:00,306,265
07-10-2011 6:00,49,82
19-12-2011 10:00,97,111
14-06-2011 21:00,194,197
12-01-2012 12:00,260,221
06-04-2011 22:00,141,129
19-05-2012 00:00,147,134
03-07-2012 3:00,5,4
14-03-2011 19:00,148,151
13-07-2012 13:00,333,366
14-03-2011 14:00,90,94
15-02-2012 09:00,247,267
02-11-2012 13:00,228,244
08-02-2012 22:00,113,95
01-05-2011 18:00,102,100
19-12-2011 20:00,186,187
14-03-2011 09:00,135,140
18-12-2011 03:00,15,14
18-05-2012 00:00,84,74
01-07-2011 16:00,174,191
06-03-2012 6:00,45,104
17-12-2012 22:00,125,130
17-03-2012 21:00,220,236
10-10-2011 19:00,295,273
15-09-2012 04:00,11,11
08-02-2012 3:00,5,4
06-01-2012 15:00,311,306
19-04-2012 08:00,660,623
12-07-2012 4:00,8,8
19-04-2012 00:00,20,23
02-04-2012 16:00,376,325
16-02-2012 17:00,231,268
19-08-2012 15:00,447,463
02-05-2012 23:00,78,70
07-03-2012 14:00,246,229
17-02-2011 18:00,276,273
01-05-2011 16:00,120,131
11-02-2012 5:00,12,11
13-07-2012 06:00,154,154
09-02-2011 14:00,106,90
19-08-2012 02:00,72,68
14-08-2012 07:00,421,299
15-01-2011 00:00,22,27
02-07-2011 0:00,32,36
04-04-2011 2:00,4,6
18-01-2012 08:00,393,479
15-11-2012 23:00,112,115
13-07-2012 23:00,198,202
17-07-2012 08:00,652,630
08-10-2012 21:00,164,191
19-05-2012 02:00,79,66
11-01-2012 22:00,89,87
18-03-2011 10:00,98,134
19-09-2011 08:00,459,402
02-05-2012 20:00,207,211
10-07-2011 0:00,91,79
06-04-2012 11:00,192,193
13-10-2012 16:00,590,554
01-06-2011 19:00,145,252
02-11-2011 0:00,15,16
17-12-2011 15:00,233,214
04-07-2011 21:00,135,143
03-11-2012 1:00,60,64
06-12-2012 9:00,320,308
13-10-2012 10:00,366,354
18-02-2011 21:00,108,95
08-04-2012 21:00,257,242
16-10-2012 00:00,36,15
13-10-2011 09:00,75,125
04-10-2012 11:00,269,223
09-12-2012 10:00,236,268
18-08-2012 13:00,632,591
13-02-2011 04:00,3,3
03-08-2011 12:00,67,87
08-02-2012 9:00,338,316
08-08-2012 17:00,770,835
15-10-2011 06:00,22,19
04-06-2011 7:00,63,64
07-06-2011 5:00,22,23
04-07-2011 10:00,183,159
06-01-2012 0:00,37,36
19-11-2011 03:00,11,8
08-04-2011 9:00,224,179
07-10-2012 6:00,50,35
07-05-2012 2:00,11,10
03-06-2012 20:00,345,359
02-02-2011 21:00,49,52
17-05-2012 22:00,230,242
14-03-2012 22:00,162,181
02-09-2011 11:00,80,111
17-10-2011 08:00,440,419
17-09-2011 18:00,300,280
06-12-2012 11:00,157,152
17-04-2012 20:00,345,381
05-06-2012 4:00,7,8
06-01-2011 16:00,173,116
15-09-2012 02:00,75,83
12-01-2012 1:00,33,68
14-11-2011 12:00,175,192
13-09-2012 21:00,336,315
12-02-2012 2:00,25,43
17-09-2012 15:00,269,304
10-05-2011 8:00,449,450
11-10-2011 7:00,303,281
01-12-2012 8:00,93,81
16-07-2012 06:00,165,165
16-01-2012 14:00,167,183
12-11-2012 11:00,394,411
17-12-2011 14:00,232,220
16-06-2011 10:00,134,126
02-09-2011 23:00,69,62
05-08-2012 11:00,327,402
15-02-2012 06:00,96,88
05-07-2012 22:00,193,220
02-06-2011 11:00,123,166
16-12-2011 21:00,118,120
04-10-2011 13:00,183,164
09-02-2011 13:00,114,97
02-01-2011 12:00,95,91
19-03-2011 01:00,40,35
06-11-2012 16:00,375,344
04-05-2012 10:00,231,181
05-09-2011 17:00,179,159
10-06-2011 12:00,187,173
12-11-2012 23:00,81,68
05-03-2012 19:00,322,245
04-05-2011 3:00,2,3
09-08-2011 12:00,180,172
07-06-2011 6:00,118,108
08-05-2012 3:00,14,23
19-10-2012 20:00,300,234
09-11-2011 9:00,162,197
19-03-2012 03:00,4,5
01-11-2012 6:00,102,82
08-07-2011 14:00,205,178
07-08-2012 13:00,350,334
05-12-2012 13:00,374,336
09-02-2012 21:00,114,100
02-05-2011 15:00,134,150
05-08-2012 4:00,7,6
18-12-2012 15:00,239,274
15-04-2011 14:00,220,169
19-02-2012 14:00,253,250
18-07-2012 09:00,295,318
11-07-2012 20:00,424,473
19-11-2012 02:00,6,7
01-01-2012 2:00,42,48
09-04-2011 4:00,4,4
01-03-2012 15:00,181,188
16-05-2012 05:00,31,18
06-12-2011 14:00,55,69
14-02-2011 05:00,8,4
11-05-2011 7:00,246,257
13-12-2011 22:00,87,89
10-02-2011 23:00,25,24
01-09-2012 12:00,342,351
18-12-2011 14:00,221,218
19-12-2011 11:00,101,122
14-06-2012 03:00,6,6
03-07-2011 6:00,12,13
03-02-2011 9:00,107,131
19-06-2011 22:00,132,173
10-12-2012 17:00,514,499
09-08-2012 14:00,331,352
13-08-2012 13:00,260,280
12-03-2011 19:00,184,170
19-09-2011 18:00,503,488
12-09-2012 11:00,344,279
14-10-2012 22:00,123,147
10-03-2012 20:00,193,192
17-02-2011 20:00,118,112
08-07-2012 16:00,438,435
11-07-2012 1:00,19,22
15-05-2012 14:00,236,246
09-07-2012 19:00,550,546
17-11-2011 09:00,201,210
13-03-2012 03:00,2,2
19-10-2012 02:00,9,6
07-02-2011 9:00,165,163
15-07-2012 17:00,478,366
04-07-2011 21:00,185,145
18-08-2012 10:00,408,446
15-03-2011 23:00,28,28
08-11-2011 8:00,297,325
01-01-2011 18:00,23,31
19-01-2012 02:00,5,6
14-07-2011 22:00,176,178
02-08-2012 18:00,644,581
06-06-2011 11:00,156,145
02-05-2011 4:00,5,5
01-02-2011 10:00,41,53
02-07-2011 1:00,19,22
08-12-2011 19:00,217,180
17-09-2011 22:00,156,131
11-05-2011 17:00,509,470
07-12-2011 4:00,3,3
16-12-2011 01:00,23,25
10-06-2011 2:00,9,8
04-12-2011 14:00,176,175
19-04-2012 04:00,5,4
11-10-2012 17:00,709,788
15-04-2011 22:00,58,77
10-06-2012 0:00,166,135
01-08-2011 20:00,143,202
03-02-2012 20:00,164,175
11-07-2011 12:00,169,171
16-08-2011 20:00,294,302
02-04-2011 4:00,2,4
09-01-2012 13:00,208,198
18-04-2012 15:00,105,99
13-03-2011 07:00,15,21
11-10-2011 5:00,19,12
04-08-2011 18:00,262,341
03-10-2011 22:00,66,81
17-02-2012 04:00,3,2
06-11-2011 17:00,317,262
12-08-2011 22:00,173,164
10-09-2011 20:00,245,270
02-12-2012 1:00,76,58
09-08-2012 12:00,359,367
10-10-2012 7:00,524,463
18-11-2011 03:00,4,4
11-12-2012 14:00,210,223
07-02-2012 17:00,639,574
09-08-2012 4:00,12,11
11-07-2011 0:00,40,38
07-08-2012 11:00,297,258
02-01-2012 18:00,149,149
18-01-2012 03:00,2,2
08-09-2011 10:00,61,55
14-07-2012 20:00,342,235
12-01-2012 10:00,195,176
05-09-2011 19:00,112,138
07-11-2011 9:00,118,113
06-12-2011 1:00,38,60
06-06-2012 22:00,210,233
12-03-2011 14:00,268,251
17-08-2012 00:00,99,89
01-07-2012 1:00,72,80
09-01-2012 22:00,87,83
01-02-2011 23:00,10,13
14-03-2012 13:00,265,247
11-05-2012 18:00,832,901
11-11-2012 7:00,37,54
15-11-2011 07:00,311,324
04-07-2011 15:00,220,199
12-09-2012 19:00,471,537
09-12-2011 5:00,17,24
18-10-2011 09:00,153,219
02-07-2011 23:00,63,61
04-01-2011 21:00,58,61
05-09-2011 18:00,199,200
03-07-2011 23:00,65,53
13-04-2011 05:00,8,9
15-01-2011 12:00,113,92
13-09-2011 07:00,317,329
19-10-2012 04:00,6,5
18-11-2012 11:00,417,397
07-01-2011 8:00,284,247
17-07-2012 19:00,541,540
12-12-2012 12:00,203,231
15-11-2012 19:00,382,361
19-12-2011 16:00,218,221
12-12-2011 20:00,132,164
05-06-2011 13:00,365,355
02-09-2012 15:00,202,318
12-06-2011 12:00,326,381
02-09-2012 7:00,85,57
17-08-2011 06:00,113,107
19-08-2011 04:00,5,4
03-01-2012 19:00,195,190
07-09-2011 8:00,151,177
16-09-2011 21:00,173,164
01-01-2012 4:00,5,5
06-09-2012 1:00,57,91
15-02-2011 12:00,78,74
03-11-2012 16:00,306,317
14-02-2012 19:00,286,289
19-04-2011 06:00,60,52
01-12-2012 13:00,193,193
03-04-2012 3:00,14,10
17-06-2012 19:00,383,365
12-01-2011 14:00,95,84
14-12-2012 01:00,20,16
10-08-2011 0:00,85,103
16-11-2012 08:00,819,603
10-01-2012 22:00,133,124
01-04-2011 17:00,178,203
14-06-2012 20:00,375,410
06-01-2012 17:00,604,550
18-05-2011 22:00,113,117
02-03-2012 19:00,128,174
12-12-2011 15:00,137,122
11-05-2012 6:00,165,135
07-07-2012 5:00,13,12
06-03-2011 1:00,25,19
01-02-2011 15:00,59,68
06-04-2012 10:00,170,169
05-09-2012 16:00,422,382
07-12-2011 22:00,18,31
01-11-2011 0:00,11,15
16-11-2012 08:00,657,620
14-11-2011 07:00,300,296
14-09-2011 10:00,136,125
09-11-2011 7:00,187,277
02-12-2011 22:00,51,62
06-02-2011 7:00,28,22
10-09-2012 1:00,16,13
05-09-2011 0:00,73,85
07-07-2011 8:00,415,430
01-12-2011 5:00,8,6
08-02-2012 7:00,365,338
01-09-2012 5:00,18,17
09-11-2012 22:00,149,170
19-04-2011 14:00,132,126
09-04-2011 15:00,174,169
08-01-2012 13:00,416,387
13-10-2011 21:00,180,178
18-10-2011 07:00,311,286
17-03-2011 05:00,10,10
01-12-2011 9:00,123,144
09-02-2011 13:00,108,97
01-11-2011 13:00,92,104
19-02-2012 06:00,6,5
04-04-2011 20:00,207,237
09-07-2011 8:00,155,105
06-07-2012 1:00,22,23
08-09-2012 9:00,277,276
18-01-2012 14:00,141,118
10-01-2012 2:00,5,5
15-06-2011 10:00,136,125
07-09-2012 6:00,152,163
10-09-2011 10:00,291,285
17-12-2011 20:00,104,105
15-11-2011 20:00,180,188
08-03-2012 11:00,246,254
04-09-2011 6:00,17,21
16-10-2012 15:00,279,303
01-07-2011 1:00,13,23
03-11-2012 12:00,343,337
15-04-2012 17:00,530,567
09-10-2012 11:00,215,243
04-03-2012 18:00,249,230
01-12-2012 3:00,7,5
06-10-2011 17:00,522,551
19-03-2012 04:00,5,7
19-11-2011 12:00,322,345
14-08-2012 18:00,794,815
02-02-2012 23:00,73,66
13-06-2012 20:00,423,434
19-11-2012 16:00,377,346
16-10-2011 12:00,471,424
09-03-2012 8:00,622,523
01-07-2011 18:00,278,270
07-08-2012 5:00,19,16
14-06-2011 17:00,518,439
16-02-2011 12:00,90,90
17-09-2012 17:00,822,816
19-08-2011 19:00,234,188
16-10-2012 19:00,491,430
03-12-2012 4:00,4,4
08-09-2011 20:00,156,169
02-04-2012 20:00,216,186
18-10-2012 22:00,148,166
18-05-2011 16:00,281,286
13-06-2011 20:00,288,298
10-10-2011 5:00,19,14
06-12-2011 0:00,64,88
15-10-2011 03:00,18,26
12-08-2012 22:00,271,257
05-11-2012 9:00,324,342
04-08-2011 11:00,128,143
16-05-2012 10:00,214,185
14-04-2012 11:00,508,565
13-07-2012 23:00,193,199
04-10-2012 10:00,201,157
07-10-2012 18:00,194,232
16-03-2011 13:00,89,93
17-08-2011 18:00,529,537
18-06-2011 04:00,10,10
01-06-2012 20:00,98,148
05-08-2011 6:00,53,91
16-10-2011 02:00,58,59
03-09-2012 17:00,589,431
18-10-2011 16:00,293,283
13-07-2011 13:00,150,165
11-01-2012 5:00,22,21
06-12-2011 4:00,6,4
10-02-2011 16:00,163,161
19-07-2011 04:00,6,5
04-02-2011 8:00,217,205
14-04-2012 01:00,57,64
16-03-2011 11:00,64,66
06-08-2011 19:00,142,197
05-12-2012 9:00,325,339
03-05-2011 0:00,30,41
13-12-2012 21:00,170,147
03-04-2011 20:00,68,71
19-12-2012 17:00,600,580
13-07-2011 04:00,5,5
10-01-2011 9:00,163,183
19-05-2012 04:00,13,24
09-11-2011 6:00,43,78
12-10-2012 16:00,412,387
05-03-2011 4:00,2,2
05-03-2011 2:00,13,9
09-02-2011 11:00,98,85
05-03-2012 9:00,240,310
03-02-2012 0:00,34,28
08-08-2011 23:00,94,89
14-04-2012 15:00,564,615
07-01-2012 17:00,437,481
06-03-2011 6:00,11,9
04-08-2012 21:00,191,220
07-07-2011 16:00,261,284
10-07-2012 10:00,272,239
13-04-2011 12:00,45,42
04-03-2011 14:00,130,109
15-10-2012 19:00,264,221
10-07-2011 2:00,28,25
08-03-2011 13:00,148,136
10-04-2012 11:00,263,248
06-09-2011 17:00,317,334
09-01-2011 9:00,71,63
15-08-2011 14:00,187,172
01-03-2011 8:00,168,155
11-01-2011 19:00,134,107
18-09-2011 00:00,93,100
08-11-2011 12:00,189,192
03-10-2011 9:00,160,168
06-12-2011 13:00,58,65
18-02-2011 04:00,3,2
13-10-2011 14:00,166,159
17-09-2012 02:00,9,9
15-04-2012 11:00,521,543
02-03-2011 8:00,220,204
15-10-2011 10:00,281,291
04-08-2012 5:00,12,13
06-09-2011 15:00,41,76
12-03-2012 9:00,321,308
11-06-2012 14:00,246,281
19-10-2011 00:00,33,32
08-11-2012 19:00,346,298
01-07-2011 5:00,11,10
17-11-2012 10:00,318,322
16-05-2011 02:00,7,5
10-08-2012 12:00,273,285
19-06-2012 18:00,774,776
05-09-2011 3:00,12,8
14-12-2011 04:00,4,4
02-08-2012 8:00,637,586
05-03-2012 10:00,132,129
04-01-2012 18:00,275,359
17-07-2012 11:00,220,211
05-08-2011 10:00,167,165
12-12-2011 16:00,207,253
16-01-2012 06:00,10,4
03-02-2012 23:00,56,55
03-05-2011 2:00,13,21
04-06-2011 21:00,174,144
19-10-2011 18:00,158,169
16-08-2012 10:00,217,215
01-01-2011 14:00,104,102
14-12-2011 03:00,4,4
17-01-2012 18:00,426,452
19-11-2012 20:00,241,283
19-10-2011 16:00,134,164
16-04-2012 00:00,60,46
06-06-2012 12:00,302,292
11-11-2011 13:00,256,247
11-03-2011 5:00,17,16
10-04-2011 7:00,38,41
08-08-2012 21:00,290,314
05-03-2011 18:00,298,284
05-11-2011 6:00,25,19
16-07-2011 20:00,292,306
13-12-2012 00:00,37,35
04-01-2012 9:00,196,256
18-08-2011 11:00,156,144
15-11-2012 22:00,140,157
13-11-2012 14:00,213,215
09-12-2011 21:00,119,114
06-04-2012 3:00,5,6
10-08-2012 16:00,445,448
17-09-2011 04:00,9,5
16-11-2011 21:00,64,80
12-06-2011 19:00,333,294
01-12-2011 7:00,113,130
16-07-2011 09:00,222,202
04-09-2011 23:00,90,85
19-08-2011 12:00,213,216
15-10-2012 23:00,100,95
05-07-2012 17:00,618,608
15-08-2011 09:00,189,206
14-01-2011 22:00,33,42
15-12-2012 16:00,469,423
01-04-2011 4:00,2,3
14-08-2012 02:00,8,6
11-04-2012 1:00,50,81
11-06-2012 8:00,727,722
14-03-2011 07:00,154,114
17-06-2012 22:00,180,148
16-09-2011 02:00,9,9
08-08-2011 19:00,410,382
19-05-2012 21:00,314,296
18-05-2012 12:00,366,362
06-08-2012 22:00,235,253
19-09-2012 17:00,868,887
18-04-2012 07:00,372,390
18-02-2012 00:00,69,67
14-02-2011 19:00,142,136
17-08-2012 15:00,309,366
11-03-2011 16:00,199,194
17-05-2011 22:00,98,110
13-04-2011 06:00,28,25
17-10-2011 10:00,144,119
09-07-2012 10:00,192,201
10-10-2012 20:00,347,391
05-08-2012 22:00,198,203
18-06-2011 22:00,185,166
09-06-2012 11:00,443,551
09-03-2011 12:00,168,124
12-04-2012 19:00,432,388
10-10-2011 20:00,280,253
19-03-2011 13:00,243,284
11-09-2011 15:00,303,389
13-06-2012 15:00,283,275
08-03-2012 20:00,309,359
12-01-2011 23:00,34,18
13-12-2011 03:00,3,3
05-08-2011 10:00,176,164
08-05-2011 23:00,105,112
08-12-2011 4:00,3,4
13-07-2012 17:00,777,756
09-10-2011 7:00,49,56
17-10-2012 00:00,39,35
05-07-2012 11:00,178,211
07-09-2011 11:00,51,56
10-02-2011 1:00,17,42
04-05-2012 16:00,431,416
19-09-2011 23:00,82,69
16-12-2011 10:00,117,121
14-06-2011 07:00,294,325
06-11-2011 9:00,128,106
18-01-2012 17:00,319,307
09-12-2012 19:00,161,124
15-11-2011 18:00,428,367
01-10-2011 12:00,82,94
10-06-2011 20:00,293,274
01-08-2011 9:00,135,180
08-07-2012 6:00,51,33
08-10-2012 18:00,425,394
14-06-2011 23:00,77,73
01-06-2011 0:00,26,30
02-08-2012 20:00,320,360
08-08-2011 9:00,212,198
07-06-2012 12:00,329,365
08-09-2012 22:00,152,165
16-12-2011 15:00,142,151
09-10-2011 8:00,114,99
19-08-2012 11:00,276,287
13-04-2011 17:00,280,293
11-03-2012 13:00,502,429
18-09-2012 02:00,4,6
05-11-2012 11:00,220,193
17-05-2011 15:00,171,166
11-06-2011 10:00,282,274
18-06-2012 17:00,697,671
13-06-2012 07:00,457,463
04-05-2011 18:00,288,277
14-07-2012 22:00,204,217
07-08-2012 9:00,326,344
03-12-2012 20:00,228,263
17-07-2011 09:00,201,194
05-01-2012 10:00,128,126
01-09-2011 1:00,29,29
03-08-2011 2:00,8,9
02-05-2012 7:00,232,329
07-02-2011 13:00,175,154
10-02-2012 5:00,25,25
06-07-2012 2:00,10,11
17-04-2012 17:00,765,746
06-10-2011 6:00,104,99
01-07-2012 14:00,322,353
04-09-2012 23:00,108,95
15-02-2012 15:00,171,149
07-09-2012 0:00,40,38
13-07-2011 10:00,127,117
10-06-2011 21:00,218,193
19-01-2012 19:00,223,227
08-05-2011 16:00,374,388
19-12-2011 18:00,351,360
13-08-2011 19:00,227,238
10-05-2011 22:00,145,140
14-08-2012 16:00,442,427
04-09-2012 6:00,136,136
01-08-2011 21:00,105,132
03-12-2012 0:00,21,25
18-10-2011 14:00,183,184
19-09-2012 21:00,264,243
10-01-2012 13:00,248,198
17-12-2012 23:00,57,69
19-01-2012 22:00,93,86
15-04-2011 21:00,79,92
14-11-2012 18:00,585,534
19-08-2012 06:00,19,17
19-05-2012 16:00,629,586
05-03-2012 5:00,22,19
18-01-2011 13:00,47,43
01-02-2012 6:00,59,80
03-12-2012 16:00,391,367
16-06-2012 11:00,560,584
12-02-2012 15:00,182,207
06-09-2012 6:00,109,146
03-08-2012 5:00,28,24
06-07-2012 15:00,219,256
07-11-2011 8:00,324,257
04-06-2012 14:00,325,358
18-11-2012 08:00,105,122
02-10-2012 18:00,294,349
15-07-2011 20:00,291,306
07-09-2012 17:00,776,784
01-11-2011 21:00,64,67
03-09-2012 13:00,497,468
12-03-2012 1:00,10,8
17-10-2012 13:00,278,303
15-07-2011 00:00,61,64
09-04-2012 22:00,144,154
10-06-2011 7:00,318,309
15-02-2012 20:00,176,195
15-10-2012 20:00,295,360
08-08-2011 16:00,262,275
03-09-2012 1:00,57,29
01-12-2012 15:00,227,252
08-08-2011 7:00,306,312
06-10-2012 7:00,55,47
17-02-2011 04:00,2,2
07-11-2012 6:00,129,143
09-06-2011 6:00,115,82
07-12-2012 17:00,608,576
18-08-2011 00:00,47,53
18-09-2011 02:00,51,72
19-04-2011 15:00,138,132
03-10-2012 6:00,66,103
07-01-2011 14:00,106,81
11-08-2011 14:00,177,177
10-09-2012 10:00,190,210
04-02-2011 19:00,128,106
10-12-2012 21:00,175,176
02-07-2011 3:00,7,7
18-05-2012 21:00,292,282
02-07-2011 16:00,159,167
16-06-2012 07:00,89,86
05-02-2011 19:00,54,62
02-11-2012 8:00,480,535
19-07-2012 15:00,280,260
11-07-2012 13:00,276,284
09-01-2012 22:00,69,81
02-02-2012 0:00,44,41
11-04-2012 9:00,312,350
19-04-2012 03:00,5,4
06-04-2012 20:00,281,295
07-03-2011 4:00,3,3
06-03-2011 6:00,5,9
15-02-2012 21:00,151,175
07-06-2012 7:00,469,438
02-08-2011 16:00,152,192
14-04-2012 06:00,28,20
14-10-2011 15:00,223,222
03-02-2011 8:00,183,184
17-12-2011 02:00,39,51
09-03-2012 10:00,166,159
06-08-2012 13:00,324,360
07-05-2012 6:00,171,163
03-02-2011 14:00,62,48
01-01-2012 10:00,136,145
09-06-2011 22:00,162,165
12-08-2012 11:00,540,566
17-03-2011 01:00,8,7
15-03-2011 10:00,61,63
07-07-2012 10:00,295,349
06-10-2011 8:00,413,440
14-03-2011 10:00,64,72
15-03-2012 23:00,106,84
12-07-2011 9:00,209,200
08-12-2011 18:00,317,317
05-10-2012 5:00,42,30
15-05-2012 23:00,54,72
03-06-2011 14:00,163,182
15-01-2012 16:00,169,155
02-02-2012 4:00,4,3
14-08-2011 17:00,357,356
05-05-2012 12:00,601,559
12-02-2012 16:00,207,217
03-07-2011 4:00,5,5
06-06-2011 16:00,289,300
19-11-2011 06:00,14,15
13-02-2012 05:00,17,17
08-10-2012 10:00,327,340
05-11-2012 5:00,27,24
18-06-2011 20:00,276,282
08-01-2011 18:00,137,110
17-04-2012 11:00,228,236
14-07-2011 00:00,49,48
04-11-2012 8:00,162,159
04-11-2012 18:00,313,282
03-01-2012 7:00,206,256
02-11-2012 19:00,248,279
08-03-2012 4:00,6,4
02-05-2012 16:00,369,330
13-05-2012 04:00,10,11
14-09-2012 01:00,37,33
03-02-2011 19:00,102,109
11-08-2012 9:00,286,285
09-01-2011 7:00,45,17
12-01-2011 5:00,13,9
17-05-2012 14:00,299,278
17-08-2011 07:00,316,320
19-01-2012 16:00,234,263
16-11-2012 00:00,55,56
01-12-2012 9:00,101,92
10-05-2012 9:00,362,346
15-05-2012 21:00,184,209
04-11-2012 11:00,301,360
14-10-2011 03:00,6,5
09-07-2012 5:00,32,38
02-06-2011 17:00,278,299
06-07-2011 14:00,157,164
15-10-2012 04:00,6,7
12-08-2011 11:00,163,162
17-04-2011 16:00,268,305
08-01-2012 18:00,325,266
17-01-2012 23:00,67,65
10-11-2011 12:00,146,141
17-06-2012 15:00,593,557
04-05-2011 7:00,54,50
12-02-2012 23:00,30,35
05-05-2012 12:00,595,554
19-04-2011 22:00,103,101
17-05-2011 07:00,283,243
05-02-2012 15:00,262,205
18-04-2011 10:00,100,105
15-10-2011 23:00,110,108
13-11-2012 05:00,28,41
01-11-2012 10:00,74,94
08-09-2011 15:00,74,66
11-02-2012 14:00,288,241
04-11-2012 16:00,332,371
04-08-2011 13:00,162,154
05-11-2012 14:00,282,262
02-11-2012 15:00,206,232
03-04-2011 6:00,14,12
11-07-2012 10:00,211,218
05-09-2012 6:00,157,168
16-09-2011 14:00,210,221
10-11-2012 9:00,268,255
10-05-2012 5:00,37,37
19-03-2012 15:00,266,251
06-08-2011 16:00,145,230
16-04-2011 19:00,46,90
14-11-2012 11:00,175,172
08-04-2011 3:00,5,4
04-05-2012 15:00,327,267
09-10-2012 14:00,250,286
02-05-2012 1:00,47,68
07-07-2011 18:00,470,536
07-05-2011 21:00,192,195
14-02-2011 14:00,93,105
12-02-2012 22:00,39,71
09-03-2011 10:00,121,99
12-07-2011 8:00,383,434
01-04-2011 19:00,124,143
10-11-2011 1:00,9,8
14-07-2012 13:00,562,529
14-09-2011 08:00,431,398
11-07-2011 14:00,154,163
19-04-2012 20:00,360,353
10-06-2011 14:00,176,170
15-07-2011 04:00,6,6
08-06-2011 16:00,272,317
11-01-2011 0:00,13,24
09-09-2012 7:00,62,51
18-05-2012 13:00,365,356
16-12-2012 22:00,88,95
02-10-2012 0:00,53,40
01-10-2011 19:00,82,109
12-06-2012 20:00,321,241
12-02-2011 20:00,105,93
09-03-2012 6:00,134,142
15-05-2011 04:00,8,7
12-02-2012 14:00,204,217
16-09-2011 01:00,19,19
01-03-2012 19:00,293,349
16-07-2011 07:00,55,49
03-11-2011 4:00,3,3
12-05-2011 8:00,447,406
17-01-2011 21:00,25,30
16-10-2012 14:00,274,297
07-05-2012 12:00,271,273
12-12-2012 19:00,364,332
11-08-2012 16:00,485,512
18-01-2012 05:00,13,11
11-12-2011 16:00,251,224
15-05-2011 08:00,59,84
05-04-2012 2:00,17,13
05-08-2011 7:00,195,264
17-04-2011 09:00,115,111
07-12-2011 19:00,90,83
07-11-2012 18:00,526,492
15-07-2012 20:00,258,258
05-09-2012 2:00,10,10
11-12-2012 8:00,654,633
09-07-2011 21:00,225,214
07-12-2011 11:00,58,49
01-11-2012 16:00,222,277
17-03-2011 00:00,17,19
11-08-2012 4:00,9,9
02-01-2012 23:00,40,28
08-07-2012 1:00,38,35
16-03-2012 11:00,221,204
19-12-2012 18:00,564,525
19-08-2012 20:00,248,282
17-03-2011 10:00,78,87
04-03-2012 19:00,180,154
08-08-2011 3:00,2,3
04-12-2011 16:00,180,179
18-02-2012 11:00,252,225
09-08-2012 10:00,236,239
14-07-2011 06:00,113,114
17-01-2012 09:00,88,92
15-05-2012 16:00,437,380
15-12-2011 12:00,141,150
06-11-2011 23:00,77,68
06-02-2012 22:00,133,119
07-07-2012 9:00,259,255
19-11-2011 20:00,136,151
16-12-2011 10:00,126,122
16-10-2012 05:00,37,41
10-02-2012 13:00,200,181
06-06-2012 8:00,668,672
17-05-2012 01:00,23,16
19-12-2012 03:00,5,5
03-12-2011 10:00,116,133
10-01-2011 21:00,67,65
11-09-2011 4:00,6,7
19-06-2012 20:00,372,420
02-02-2011 22:00,30,41
11-05-2011 14:00,242,240
18-06-2011 15:00,369,377
05-06-2011 10:00,219,297
08-02-2012 18:00,414,308
15-07-2012 12:00,541,506
04-11-2012 19:00,237,265
02-08-2011 6:00,61,38
02-11-2012 3:00,11,16
14-05-2011 14:00,182,244
15-08-2011 18:00,538,524
06-08-2011 17:00,279,242
13-05-2012 16:00,558,569
15-01-2011 15:00,112,101
16-06-2011 05:00,24,27
17-10-2012 22:00,156,163
17-11-2011 08:00,242,206
17-07-2011 16:00,387,384
12-10-2011 15:00,87,97
13-08-2011 14:00,375,349
09-06-2012 4:00,9,8
09-08-2011 21:00,217,216
10-02-2011 4:00,3,3
10-04-2012 14:00,297,295
03-06-2011 7:00,127,161
12-11-2012 17:00,550,513
06-10-2012 10:00,377,428
16-11-2011 15:00,66,63
04-06-2011 4:00,5,5
13-06-2012 17:00,829,805
08-05-2011 12:00,362,386
05-06-2011 6:00,40,31
06-12-2012 8:00,616,556
01-02-2011 2:00,6,12
13-09-2012 02:00,11,9
01-10-2012 23:00,55,71
06-10-2011 14:00,198,215
14-06-2012 01:00,23,18
02-01-2012 5:00,7,6
18-04-2012 16:00,343,332
08-09-2012 17:00,297,409
03-04-2012 12:00,378,368
01-10-2011 2:00,11,12
13-04-2012 15:00,333,343
09-03-2011 13:00,156,117
10-05-2011 9:00,221,209
04-04-2012 6:00,108,110
15-02-2012 07:00,287,262
09-01-2012 4:00,6,5
03-03-2011 19:00,107,107
02-06-2011 22:00,90,106
10-01-2012 6:00,93,118
16-09-2012 21:00,247,218
17-01-2012 00:00,12,14
18-10-2011 06:00,111,114
19-10-2012 09:00,268,301
16-02-2011 16:00,143,160
07-04-2011 22:00,102,98
19-07-2012 18:00,748,769
10-03-2011 22:00,68,68
07-10-2011 13:00,239,235
06-11-2012 3:00,4,4
02-11-2011 19:00,154,173
15-03-2011 01:00,7,4
10-02-2012 1:00,11,11
02-03-2012 5:00,17,20
01-06-2011 2:00,6,9
07-05-2012 10:00,199,187
14-01-2011 05:00,5,6
04-04-2012 0:00,35,31
13-10-2011 22:00,151,160
12-07-2011 20:00,282,293
11-02-2012 22:00,58,67
15-05-2012 19:00,566,518
11-12-2011 17:00,242,207
19-06-2012 12:00,272,268
08-10-2012 20:00,150,121
01-03-2011 23:00,19,14
19-07-2012 14:00,266,252
14-07-2012 17:00,353,425
04-06-2011 19:00,270,262
15-06-2012 00:00,86,82
13-06-2012 11:00,218,231
08-04-2012 16:00,617,532
14-05-2012 10:00,97,100
19-07-2011 05:00,25,21
11-11-2012 19:00,287,257
19-06-2012 07:00,475,474
02-05-2012 14:00,285,238
15-07-2012 10:00,352,403
09-07-2012 8:00,621,707
01-07-2011 14:00,121,156
12-03-2012 16:00,450,422
19-02-2011 04:00,3,3
12-12-2011 21:00,111,110
16-08-2012 15:00,299,288
18-12-2011 06:00,7,10
12-12-2011 17:00,400,358
01-02-2011 18:00,111,151
08-02-2011 1:00,9,8
18-07-2012 16:00,425,383
08-06-2012 11:00,238,243
10-06-2012 22:00,256,254
02-07-2012 20:00,317,362
04-05-2012 22:00,216,197
09-08-2011 8:00,410,428
13-12-2012 12:00,245,231
02-06-2011 10:00,100,150
04-11-2012 20:00,171,209
03-12-2012 7:00,245,331
03-12-2012 3:00,4,4
13-05-2012 05:00,14,13
11-04-2012 2:00,27,32
11-04-2012 5:00,16,9
03-06-2012 14:00,371,393
05-12-2011 14:00,154,157
02-08-2012 12:00,187,216
04-10-2011 7:00,129,155
13-04-2012 03:00,5,11
08-06-2012 13:00,280,281
11-04-2011 20:00,269,276
19-11-2012 18:00,585,549
14-07-2012 22:00,220,219
19-02-2011 21:00,48,50
12-12-2011 12:00,144,126
06-07-2011 0:00,37,38
07-02-2012 16:00,366,329
03-07-2011 12:00,208,156
06-07-2011 10:00,79,85
13-09-2011 04:00,5,3
10-05-2012 0:00,54,71
12-01-2012 0:00,40,70
18-04-2011 22:00,103,110
15-05-2011 10:00,246,227
09-06-2011 4:00,6,5
07-01-2011 10:00,93,78
17-09-2012 19:00,531,532
12-03-2011 16:00,341,263
13-02-2012 22:00,82,116
12-06-2011 2:00,15,18
16-07-2012 23:00,136,119
11-11-2012 13:00,614,598
13-04-2011 20:00,131,132
07-03-2012 17:00,777,703
07-07-2011 7:00,265,258
05-03-2011 17:00,315,298
19-04-2012 19:00,566,507
12-06-2011 22:00,156,148
10-11-2011 11:00,132,126
04-06-2012 0:00,61,47
06-12-2011 18:00,126,135
12-08-2011 21:00,220,215
09-03-2012 22:00,120,120
04-05-2012 8:00,725,602
10-01-2011 3:00,7,7
04-09-2011 17:00,250,218
06-10-2012 3:00,34,32
17-04-2012 09:00,316,330
08-04-2012 10:00,382,394
08-10-2011 18:00,391,436
08-03-2011 7:00,186,169
19-09-2012 05:00,37,48
07-03-2011 16:00,212,150
04-02-2012 11:00,244,198
13-05-2011 08:00,385,394
14-09-2011 21:00,216,196
07-10-2012 10:00,271,348
17-11-2012 03:00,21,16
04-09-2011 7:00,49,57
07-06-2012 8:00,735,671
08-08-2011 2:00,4,5
03-07-2012 15:00,216,244
04-08-2011 21:00,162,142
03-04-2011 17:00,190,220
01-10-2012 9:00,257,298
05-08-2011 17:00,441,471
14-08-2012 05:00,41,41
05-12-2012 12:00,342,321
03-05-2012 5:00,21,17
18-02-2012 09:00,114,124
05-09-2012 14:00,247,252
07-12-2012 20:00,155,115
17-11-2011 08:00,252,202
07-02-2011 1:00,24,44
17-03-2011 19:00,179,169
12-09-2011 22:00,151,157
13-06-2011 16:00,271,312
19-02-2011 14:00,159,168
15-05-2011 12:00,366,331
15-04-2012 15:00,576,596
01-12-2012 22:00,102,114
04-08-2011 12:00,156,150
19-10-2012 15:00,347,339
13-06-2011 13:00,177,189
16-11-2011 20:00,60,94
14-12-2012 21:00,187,164
10-07-2012 17:00,681,771
03-01-2011 15:00,68,70
15-06-2012 04:00,8,7
09-02-2011 10:00,85,79
01-03-2011 22:00,39,36
11-02-2011 6:00,57,70
03-01-2012 4:00,2,4
01-03-2011 1:00,4,4
03-10-2011 4:00,3,3
02-09-2011 15:00,92,114
01-04-2012 6:00,24,13
14-05-2012 17:00,320,352
03-02-2012 13:00,213,198
05-10-2012 0:00,69,60
07-02-2012 13:00,245,208
13-05-2012 18:00,427,455
16-08-2012 14:00,294,281
09-02-2012 23:00,63,41
13-01-2011 06:00,27,30
10-10-2011 9:00,214,199
12-03-2012 19:00,522,502
15-04-2011 15:00,231,203
06-03-2011 3:00,6,4
15-01-2011 03:00,6,12
06-02-2011 3:00,6,5
04-05-2012 4:00,6,5
06-02-2012 20:00,195,191
10-03-2012 16:00,330,326
07-09-2011 5:00,12,10
14-12-2012 05:00,28,28
05-06-2011 22:00,190,170
03-01-2011 14:00,60,72
16-07-2011 01:00,86,83
12-03-2011 9:00,145,108
08-05-2011 7:00,62,43
09-11-2012 8:00,709,652
09-02-2012 2:00,15,31
02-10-2011 16:00,53,56
18-12-2011 09:00,83,98
04-08-2012 20:00,252,284
03-08-2012 23:00,137,112
19-03-2012 08:00,676,578
16-02-2012 14:00,70,64
06-08-2011 10:00,201,271
07-01-2011 13:00,105,92
14-11-2012 19:00,378,342
05-08-2011 5:00,13,10
16-10-2012 16:00,459,469
07-09-2012 11:00,222,223
06-11-2011 7:00,31,33
19-02-2011 23:00,29,29
04-04-2011 9:00,167,175
10-11-2011 4:00,6,6
16-10-2012 21:00,181,194
09-05-2011 22:00,133,131
02-02-2012 1:00,12,13
09-05-2011 14:00,181,181
11-09-2011 11:00,268,352
04-01-2012 23:00,29,32
18-06-2011 07:00,53,53
18-03-2011 09:00,175,184
12-09-2012 12:00,442,345
16-07-2012 04:00,8,7
05-05-2012 13:00,573,555
14-11-2011 16:00,283,307
11-06-2011 8:00,104,102
14-12-2011 02:00,5,4
10-07-2011 20:00,291,289
12-10-2012 9:00,312,315
01-04-2011 7:00,60,68
17-05-2011 14:00,152,159
03-01-2012 20:00,107,89
15-06-2011 09:00,211,203
19-02-2012 00:00,68,65
10-06-2012 9:00,347,309
17-05-2012 21:00,296,275
14-03-2012 09:00,318,326
12-05-2012 17:00,517,596
13-08-2011 08:00,123,114
10-04-2011 1:00,20,15
05-05-2011 1:00,12,4
15-09-2011 04:00,6,6
12-05-2012 1:00,33,18
07-12-2012 12:00,224,197
10-11-2012 14:00,509,604
14-01-2012 14:00,218,192
07-07-2011 13:00,168,170
18-01-2012 06:00,64,79
19-08-2011 18:00,458,519
14-04-2012 20:00,317,303
08-10-2011 2:00,20,16
01-07-2011 22:00,100,119
11-12-2012 3:00,3,4
08-02-2012 16:00,257,214
12-10-2012 4:00,7,6
13-10-2011 07:00,105,101
12-12-2011 13:00,136,122
18-05-2011 17:00,515,522
19-06-2012 15:00,268,256
08-01-2012 16:00,367,351
07-09-2011 0:00,47,74
09-02-2011 7:00,224,161
12-10-2012 18:00,648,559
09-01-2011 22:00,45,43
11-11-2011 2:00,15,15
12-06-2011 8:00,132,114
09-08-2012 7:00,369,446
11-06-2012 23:00,132,128
10-11-2012 6:00,39,21
10-02-2012 22:00,133,122
04-11-2012 10:00,243,277
04-08-2012 13:00,466,457
07-01-2011 22:00,58,49
08-10-2012 6:00,56,34
14-12-2011 08:00,386,382
14-06-2012 14:00,283,272
15-06-2012 14:00,352,364
01-08-2011 0:00,33,41
16-07-2011 03:00,26,28
02-07-2012 23:00,107,102
13-04-2012 00:00,46,35
12-05-2012 19:00,452,409
09-05-2011 5:00,24,29
06-01-2011 19:00,180,119
03-10-2012 5:00,15,11
17-07-2012 18:00,680,624
12-01-2011 15:00,98,80
01-04-2012 1:00,15,13
02-06-2011 6:00,26,44
10-12-2012 3:00,7,7
16-08-2011 00:00,38,32
19-12-2012 01:00,12,14
16-01-2012 18:00,157,176
01-09-2012 13:00,285,343
11-04-2012 12:00,292,284
12-07-2011 9:00,205,201
08-02-2011 14:00,98,79
19-12-2011 07:00,222,247
10-03-2011 16:00,76,105
06-12-2011 2:00,24,40
12-08-2011 5:00,21,27
15-09-2011 17:00,228,261
04-01-2011 16:00,141,117
07-11-2011 11:00,137,119
05-07-2011 0:00,82,93
04-03-2011 5:00,3,4
01-09-2012 11:00,258,333
05-05-2011 17:00,504,552
10-06-2012 10:00,416,438
12-05-2011 6:00,100,83
03-03-2012 20:00,179,189
05-10-2012 15:00,301,270
15-08-2011 19:00,400,371
11-06-2012 3:00,6,8
17-06-2012 13:00,606,564
01-02-2011 15:00,69,67
01-12-2012 1:00,18,12
06-03-2012 12:00,245,195
04-08-2011 23:00,88,88
11-03-2012 17:00,517,435
10-10-2012 9:00,335,349
10-07-2011 19:00,323,306
06-03-2012 18:00,442,445
14-04-2012 05:00,11,10
02-11-2012 17:00,401,458
07-04-2012 19:00,407,377
06-04-2012 23:00,87,85
10-07-2012 8:00,504,718
10-03-2011 10:00,45,65
05-08-2012 19:00,335,297
19-09-2012 20:00,374,379
03-10-2012 4:00,8,9
03-11-2011 10:00,74,89
10-02-2011 11:00,110,92
01-06-2012 22:00,94,104
15-02-2011 01:00,5,6
19-04-2012 15:00,311,278
18-05-2012 07:00,488,404
18-06-2012 06:00,78,60
14-06-2011 18:00,519,548
08-09-2012 18:00,274,369
03-06-2012 0:00,43,41
02-06-2012 23:00,100,80
15-09-2012 22:00,242,254
19-01-2012 09:00,209,225
14-01-2011 16:00,103,85
19-10-2012 21:00,224,225
18-05-2012 10:00,237,221
10-09-2011 2:00,27,60
19-11-2012 15:00,246,228
18-01-2012 01:00,11,17
13-12-2012 10:00,161,176
12-02-2012 16:00,201,217
04-09-2012 0:00,27,32
09-04-2011 21:00,66,68
04-03-2011 13:00,137,109
06-08-2012 10:00,221,221
10-09-2012 11:00,239,249
08-07-2012 21:00,277,273
18-06-2011 23:00,138,135
18-02-2012 10:00,142,190
09-11-2011 11:00,207,164
14-02-2011 08:00,231,237
15-02-2012 10:00,109,118
06-06-2012 15:00,300,290
12-09-2012 23:00,128,99
13-05-2012 15:00,563,564
19-07-2011 18:00,489,501
14-06-2012 18:00,830,809
18-09-2011 19:00,271,275
15-07-2011 08:00,414,441
17-06-2011 04:00,5,4
01-01-2011 2:00,15,22
15-03-2012 21:00,204,239
19-09-2011 01:00,16,15
07-10-2012 0:00,49,49
02-05-2011 11:00,100,126
01-05-2012 21:00,226,282
10-11-2012 12:00,485,566
03-04-2011 13:00,179,217
10-02-2011 14:00,112,100
19-03-2012 05:00,23,16
15-01-2011 04:00,2,2
17-04-2012 17:00,761,757
07-01-2011 7:00,161,144
07-11-2012 23:00,54,77
18-06-2011 10:00,274,277
10-06-2012 20:00,410,342
09-09-2012 15:00,601,618
11-10-2011 17:00,397,418
15-04-2012 12:00,624,595
11-12-2011 15:00,246,226
19-09-2011 12:00,189,190
06-02-2012 5:00,12,6
15-04-2012 02:00,60,60
18-06-2012 11:00,173,188
02-07-2012 6:00,116,122
09-04-2011 7:00,17,27
03-09-2012 23:00,108,113
14-09-2011 02:00,6,4
01-12-2011 19:00,137,161
12-05-2011 0:00,31,26
07-11-2012 2:00,6,5
10-10-2012 23:00,102,114
15-10-2011 07:00,42,40
10-07-2011 0:00,72,79
12-04-2011 8:00,153,161
04-05-2011 3:00,2,4
18-10-2011 05:00,21,16
04-11-2012 22:00,102,114
18-08-2011 10:00,135,121
03-08-2011 13:00,108,122
12-05-2011 21:00,167,174
02-09-2011 6:00,61,37
13-08-2012 21:00,283,306
15-07-2012 10:00,359,402
03-04-2011 17:00,186,203
14-05-2012 14:00,221,244
19-12-2012 11:00,199,187
09-04-2011 12:00,245,232
07-10-2012 21:00,174,182
02-07-2011 13:00,161,161
16-12-2012 03:00,25,25
08-02-2012 5:00,26,23
13-01-2011 10:00,42,38
18-04-2012 05:00,27,26
05-02-2012 12:00,250,210
11-02-2011 23:00,31,30
06-12-2011 11:00,84,80
08-10-2012 3:00,14,9
02-03-2012 22:00,86,105
15-03-2011 04:00,2,2
13-04-2012 01:00,17,7
09-09-2011 8:00,166,176
03-12-2011 1:00,27,27
09-04-2012 17:00,814,900
08-12-2012 22:00,77,94
13-12-2012 13:00,246,234
16-12-2012 19:00,166,165
16-02-2011 14:00,90,99
10-11-2011 10:00,91,91
16-01-2012 19:00,119,90
09-09-2012 5:00,14,15
19-01-2012 20:00,130,112
12-10-2011 19:00,141,136
19-08-2011 15:00,216,216
18-01-2011 13:00,42,41
06-07-2011 23:00,89,74
18-05-2011 09:00,168,194
01-06-2012 21:00,144,191
19-03-2012 01:00,12,13
12-03-2011 20:00,156,145
18-07-2011 12:00,183,174
10-11-2011 1:00,7,10
12-09-2012 7:00,290,406
01-05-2012 16:00,329,311
11-12-2011 17:00,250,206
11-03-2011 20:00,138,119
13-10-2011 10:00,55,72
05-07-2012 19:00,493,511
05-05-2011 14:00,172,160
18-06-2012 10:00,94,94
02-03-2011 18:00,224,200
13-05-2011 10:00,130,135
02-11-2011 8:00,224,273
18-11-2012 04:00,8,9
17-02-2011 13:00,112,107
19-01-2012 22:00,96,84
16-05-2012 13:00,290,285
15-11-2011 10:00,124,126
11-05-2012 1:00,17,12
02-01-2012 20:00,106,88
09-11-2012 9:00,335,334
19-03-2012 19:00,500,489
03-12-2011 8:00,43,44
03-10-2011 12:00,100,98
11-11-2012 18:00,441,497
07-11-2011 4:00,5,4
08-01-2011 14:00,128,119
14-01-2012 21:00,98,84
14-11-2011 20:00,266,250
08-02-2012 19:00,264,233
18-02-2012 01:00,53,60
06-08-2011 19:00,167,188
04-12-2011 11:00,132,121
11-04-2011 17:00,532,534
08-11-2012 9:00,343,323
15-12-2012 17:00,423,344
15-06-2011 21:00,221,223
09-03-2012 4:00,5,2
03-05-2012 9:00,291,308
14-04-2011 13:00,145,124
01-10-2012 19:00,346,426
04-08-2011 15:00,139,154
14-02-2012 09:00,246,272
16-11-2012 22:00,153,139
01-04-2011 21:00,63,63
03-12-2012 12:00,245,245
15-05-2012 20:00,259,313
17-09-2012 23:00,47,62
18-06-2011 17:00,399,384
09-09-2012 19:00,411,439
14-11-2011 06:00,98,106
16-08-2012 09:00,354,353
04-08-2011 19:00,228,282
06-09-2011 20:00,98,100
12-04-2012 15:00,275,288
07-01-2012 11:00,352,312
10-03-2011 12:00,45,67
15-12-2012 01:00,77,98
07-12-2011 12:00,61,50
10-04-2011 20:00,197,192
14-02-2011 06:00,41,35
08-03-2011 20:00,136,101
13-09-2011 14:00,173,175
07-02-2012 21:00,172,169
14-05-2012 04:00,6,6
09-05-2011 0:00,38,34
10-01-2011 6:00,34,59
15-05-2012 10:00,205,174
16-04-2012 14:00,384,282
15-01-2012 14:00,181,166
07-12-2012 3:00,6,6
09-05-2012 18:00,449,665
05-03-2011 23:00,58,60
17-09-2011 15:00,322,293
16-03-2011 21:00,80,83
15-11-2011 20:00,183,187
10-06-2011 23:00,129,115
13-01-2012 16:00,234,252
11-06-2011 2:00,61,66
19-10-2012 12:00,327,334
08-10-2012 12:00,478,418
06-11-2011 12:00,335,302
07-12-2011 21:00,49,60
08-10-2012 0:00,76,53
16-08-2011 19:00,430,395
17-11-2012 15:00,438,450
13-02-2012 18:00,370,355
10-12-2011 23:00,45,41
16-01-2012 23:00,23,27
10-11-2012 0:00,68,52
08-10-2012 11:00,414,399
16-08-2011 15:00,183,176
09-08-2011 19:00,403,362
10-05-2012 18:00,767,808
16-02-2012 15:00,91,62
04-12-2012 22:00,156,175
12-05-2011 4:00,7,6
07-07-2012 5:00,13,13
18-03-2012 11:00,378,389
01-07-2012 16:00,314,358
18-06-2012 03:00,4,6
10-07-2012 23:00,92,88
02-02-2011 19:00,109,112
07-12-2011 18:00,91,87
14-03-2011 06:00,35,36
18-09-2011 15:00,365,378
17-03-2012 06:00,15,9
06-10-2012 8:00,142,140
10-11-2011 10:00,70,88
08-06-2011 1:00,47,60
14-07-2011 08:00,462,460
01-08-2011 10:00,73,137
18-12-2012 00:00,30,30
09-02-2012 14:00,251,244
03-04-2011 19:00,115,131
03-06-2011 1:00,30,34
15-09-2011 22:00,105,118
01-01-2011 10:00,68,79
13-03-2011 21:00,41,32
05-03-2012 13:00,171,146
14-11-2011 02:00,7,8
02-09-2011 7:00,209,168
13-08-2011 18:00,316,298
14-10-2011 07:00,150,118
14-02-2012 02:00,4,6
05-05-2011 8:00,408,444
06-08-2012 5:00,33,36
06-09-2012 0:00,92,111
17-01-2011 10:00,48,64
07-04-2012 17:00,568,533
18-10-2012 18:00,722,799
05-11-2011 14:00,243,298
09-03-2012 7:00,372,386
04-08-2012 12:00,494,489
15-10-2012 08:00,697,735
07-09-2011 9:00,132,167
12-01-2011 13:00,107,97
13-10-2011 16:00,293,267
06-10-2012 16:00,563,566
09-09-2011 3:00,5,4
15-09-2012 03:00,30,33
07-04-2012 7:00,64,57
02-04-2012 4:00,6,8
01-06-2012 11:00,186,198
11-12-2012 22:00,126,134
04-11-2012 3:00,7,5
19-04-2012 22:00,212,231
14-08-2011 19:00,260,270
12-11-2011 3:00,24,19
15-09-2011 14:00,175,167
01-07-2012 13:00,325,372
11-11-2011 22:00,80,73
12-11-2012 8:00,284,390
06-12-2012 19:00,345,289
15-07-2012 18:00,252,335
05-05-2012 8:00,206,200
04-06-2012 15:00,346,359
13-01-2012 04:00,3,2
05-12-2012 13:00,407,385
11-06-2011 1:00,93,76
12-04-2012 3:00,4,7
10-09-2012 21:00,278,290
18-05-2011 07:00,303,276
02-03-2012 21:00,74,73
16-01-2012 15:00,159,179
12-08-2011 13:00,192,166
14-05-2012 13:00,238,251
16-11-2011 20:00,67,88
16-01-2012 04:00,2,2
17-02-2012 05:00,13,13
08-01-2012 17:00,383,320
14-08-2011 03:00,23,31
19-04-2012 09:00,322,337
17-07-2012 02:00,10,9
11-11-2011 19:00,159,163
17-09-2011 17:00,361,286
05-12-2011 3:00,4,4
01-02-2012 11:00,106,129
05-07-2011 9:00,221,210
06-11-2012 1:00,7,8
12-09-2012 16:00,503,508
14-03-2012 07:00,378,372
12-07-2011 19:00,371,358
15-05-2011 05:00,6,5
16-06-2012 17:00,575,594
03-04-2011 1:00,17,15
11-09-2011 14:00,298,374
06-05-2012 18:00,511,520
02-10-2011 14:00,55,62
01-06-2011 17:00,237,309
18-08-2012 04:00,11,11
12-01-2012 22:00,161,154
02-09-2011 2:00,5,7
06-04-2012 0:00,38,40
04-05-2011 8:00,69,104
14-03-2011 07:00,141,111
19-10-2011 08:00,317,286
15-04-2011 19:00,157,127
08-03-2012 13:00,264,314
07-08-2012 2:00,33,54
04-04-2011 3:00,3,3
02-12-2012 21:00,116,122
08-05-2012 3:00,15,24
02-06-2012 2:00,15,13
13-07-2011 08:00,407,435
11-09-2012 8:00,708,751
07-09-2012 0:00,41,38
13-11-2011 17:00,324,284
02-03-2011 3:00,2,2
03-02-2011 13:00,65,62
13-03-2012 23:00,85,77
03-05-2011 16:00,184,200
13-10-2011 04:00,5,5
06-09-2011 5:00,15,16
13-06-2012 09:00,282,328
07-03-2011 21:00,67,39
01-08-2011 7:00,111,148
10-05-2012 21:00,252,235
17-02-2011 06:00,44,48
15-08-2011 21:00,216,201
15-02-2011 00:00,11,14
02-01-2012 22:00,65,67
16-12-2012 01:00,94,98
04-05-2012 7:00,431,372
09-02-2012 4:00,7,4
10-09-2011 4:00,8,8
17-09-2011 12:00,356,327
19-11-2012 11:00,190,179
16-05-2011 16:00,243,209
03-05-2012 23:00,121,86
03-03-2011 22:00,38,43
17-03-2011 20:00,115,120
13-08-2011 20:00,183,192
04-02-2012 14:00,234,237
11-09-2011 13:00,309,366
02-06-2011 18:00,257,293
09-12-2011 17:00,365,359
03-01-2011 22:00,24,37
06-03-2011 10:00,85,60
12-07-2011 21:00,210,211
13-08-2011 22:00,133,117
17-06-2011 00:00,49,45
15-10-2011 20:00,233,200
10-05-2011 13:00,183,190
05-02-2012 23:00,54,53
16-06-2011 11:00,155,149
19-06-2011 01:00,90,89
15-04-2012 01:00,76,91
04-02-2011 15:00,123,95
10-01-2012 4:00,4,4
04-12-2012 3:00,5,4
01-09-2011 19:00,188,233
09-11-2011 22:00,78,85
10-10-2012 0:00,33,35
12-10-2012 22:00,134,129
02-07-2011 21:00,147,139
08-06-2011 23:00,134,116
09-03-2011 16:00,219,188
11-02-2012 1:00,44,24
05-02-2011 17:00,134,73
03-01-2011 0:00,10,11
11-08-2011 13:00,188,186
13-12-2011 14:00,142,146
19-12-2011 19:00,246,251
01-03-2011 3:00,1,3
16-08-2012 06:00,169,171
14-10-2012 02:00,69,76
04-05-2011 9:00,45,76
09-09-2012 21:00,248,222
09-05-2012 16:00,460,462
06-08-2011 0:00,57,60
08-09-2011 6:00,46,59
17-09-2011 04:00,8,5
02-02-2011 20:00,56,57
08-12-2011 13:00,149,138
12-04-2012 11:00,200,192
06-01-2012 3:00,7,6
13-11-2011 18:00,282,253
12-04-2012 16:00,425,409
13-05-2011 23:00,70,68
02-01-2011 4:00,3,3
11-01-2012 21:00,93,88
02-10-2012 1:00,22,23
03-08-2012 19:00,434,490
15-09-2012 18:00,504,592
12-05-2011 20:00,306,258
19-04-2011 11:00,120,123
11-03-2012 7:00,32,38
07-11-2012 22:00,84,97
11-05-2011 21:00,190,182
17-03-2011 18:00,270,252
11-02-2011 20:00,113,92
09-02-2011 16:00,167,159
07-10-2012 20:00,238,298
09-01-2011 13:00,139,131
13-04-2011 15:00,106,92
13-06-2011 12:00,188,195
07-06-2012 20:00,386,382
05-01-2012 21:00,126,114
05-09-2012 10:00,201,171
15-05-2012 15:00,256,269
17-08-2011 01:00,19,20
03-08-2012 3:00,5,5
19-05-2012 19:00,454,433
02-01-2011 2:00,7,8
16-01-2012 22:00,78,84
01-09-2012 10:00,253,321
16-06-2011 18:00,431,353
10-10-2012 13:00,306,295
13-01-2011 18:00,146,149
10-02-2011 8:00,208,288
10-05-2011 2:00,8,7
12-07-2011 7:00,290,311
15-04-2012 20:00,299,300
02-07-2011 22:00,109,117
04-07-2012 11:00,457,456
09-08-2011 2:00,8,7
09-10-2012 13:00,258,287
17-11-2012 20:00,205,211
06-09-2012 5:00,24,15
13-06-2011 04:00,5,6
05-09-2012 1:00,21,18
08-07-2011 13:00,217,197
04-10-2012 19:00,572,508
02-10-2011 6:00,16,11
18-06-2011 06:00,27,34
19-11-2011 23:00,98,76
09-04-2012 2:00,8,7
07-01-2012 4:00,8,7
01-05-2012 6:00,94,110
19-03-2011 12:00,239,240
06-04-2011 4:00,5,6
07-11-2012 12:00,198,196
19-06-2012 08:00,691,619
10-03-2011 5:00,9,11
12-03-2012 21:00,197,232
16-04-2012 03:00,8,7
17-12-2012 06:00,114,120
16-12-2011 18:00,301,322
16-10-2011 14:00,433,432
12-09-2012 22:00,172,159
15-03-2012 17:00,703,748
07-04-2011 7:00,277,181
11-11-2011 8:00,142,88
09-08-2011 10:00,135,121
09-07-2012 20:00,382,369
03-06-2011 9:00,167,190
12-01-2011 18:00,248,252
14-01-2011 00:00,8,11
14-08-2011 14:00,374,350
08-05-2012 11:00,301,268
09-11-2011 11:00,206,160
03-12-2012 21:00,159,165
10-08-2012 6:00,99,104
01-08-2012 1:00,51,68
09-06-2012 13:00,465,538
14-09-2011 22:00,158,165
04-07-2012 13:00,468,414
01-11-2012 12:00,82,111
01-10-2012 17:00,368,515
14-02-2012 20:00,190,201
13-01-2012 16:00,238,254
05-08-2011 16:00,297,328
16-05-2012 06:00,143,146
05-04-2012 20:00,264,244
10-10-2011 1:00,33,21
07-03-2011 17:00,306,242
02-09-2012 12:00,226,318
08-07-2011 4:00,7,6
15-06-2012 09:00,373,355
12-01-2011 7:00,166,171
14-08-2012 23:00,124,147
13-12-2012 17:00,613,555
14-12-2011 09:00,194,226
11-03-2012 21:00,179,186
06-12-2011 9:00,155,160
19-10-2012 23:00,132,133
18-09-2011 09:00,178,174
08-04-2012 22:00,218,190
04-01-2012 21:00,60,78
15-09-2011 11:00,160,150
15-05-2012 13:00,163,130
18-12-2012 22:00,138,139
19-06-2012 23:00,139,117
05-07-2011 12:00,234,230
07-08-2012 9:00,324,345
19-11-2012 22:00,137,140
16-09-2012 16:00,594,590
14-12-2011 16:00,216,241
01-04-2011 22:00,46,50
02-03-2012 2:00,8,6
16-04-2011 23:00,54,52
07-09-2012 21:00,289,286
09-07-2012 23:00,175,172
10-12-2011 0:00,32,34
10-01-2011 3:00,7,7
13-10-2011 19:00,278,253
05-01-2012 14:00,184,166
02-08-2011 1:00,12,14
16-03-2011 12:00,97,93
04-06-2011 23:00,73,67
15-11-2012 08:00,692,636
18-10-2011 01:00,12,12
03-10-2012 3:00,11,20
14-12-2012 06:00,107,102
14-09-2011 19:00,402,349
08-07-2012 9:00,251,288
02-03-2011 19:00,146,112
19-08-2012 14:00,324,298
16-03-2011 08:00,189,245
06-12-2011 7:00,163,241
05-01-2011 20:00,66,43
11-11-2011 21:00,108,99
14-11-2012 12:00,258,224
03-12-2012 11:00,192,198
19-03-2012 18:00,694,731
19-10-2011 15:00,59,72
15-09-2012 06:00,30,15
05-04-2011 12:00,123,91
05-10-2011 22:00,150,140
14-03-2011 22:00,48,47
17-05-2012 17:00,868,802
16-03-2012 20:00,200,210
07-06-2012 11:00,289,270
07-09-2011 22:00,71,75
08-01-2011 22:00,53,35
17-04-2011 03:00,20,25
18-05-2012 05:00,37,32
17-12-2011 03:00,13,13
01-10-2012 7:00,327,343
02-12-2012 15:00,333,402
19-12-2011 09:00,181,202
07-01-2012 0:00,120,103
16-12-2012 14:00,372,375
06-10-2012 22:00,130,114
13-02-2011 13:00,143,150
08-11-2011 6:00,100,96
19-06-2011 17:00,374,359
01-10-2012 7:00,342,335
07-08-2011 20:00,199,228
10-11-2011 23:00,61,56
03-07-2011 18:00,108,184
19-05-2012 16:00,628,585
17-11-2012 12:00,520,470
07-09-2012 22:00,212,195
16-04-2012 01:00,26,23
17-12-2012 10:00,156,168
03-08-2012 13:00,245,245
04-02-2012 12:00,262,215
16-01-2012 04:00,3,2
10-08-2011 3:00,15,26
05-12-2011 0:00,30,25
01-02-2012 19:00,323,430
08-02-2011 16:00,167,154
06-10-2012 0:00,140,122
17-12-2011 23:00,57,42
05-08-2012 14:00,310,367
17-06-2012 07:00,65,50
05-07-2011 17:00,472,473
08-06-2011 8:00,380,425
10-11-2011 5:00,18,14
13-06-2012 14:00,243,275
04-08-2012 15:00,437,446
05-09-2012 17:00,735,660
03-06-2011 11:00,134,176
12-09-2011 0:00,45,44
10-08-2012 17:00,825,842
03-07-2011 20:00,85,140
19-04-2012 08:00,705,588
12-07-2012 7:00,386,428
05-03-2012 0:00,29,32
14-09-2012 20:00,418,358
05-01-2012 4:00,4,4
02-04-2012 17:00,497,515
11-04-2011 4:00,4,5
04-09-2012 10:00,216,158
13-08-2012 14:00,257,280
15-01-2012 15:00,179,167
16-10-2011 10:00,282,291
17-12-2012 13:00,201,196
02-01-2011 17:00,119,86
10-10-2012 1:00,15,14
13-09-2012 07:00,518,465
03-06-2012 16:00,414,418
07-12-2012 18:00,607,554
06-04-2012 19:00,443,443
12-11-2011 15:00,353,345
06-10-2011 4:00,4,3
09-10-2012 23:00,86,81
12-04-2012 17:00,748,789
15-04-2011 13:00,220,169
10-09-2011 3:00,27,34
17-04-2012 14:00,261,266
18-07-2012 07:00,449,477
08-03-2011 16:00,216,207
03-01-2012 7:00,165,256
02-10-2012 23:00,112,106
15-01-2011 07:00,7,9
10-02-2012 11:00,163,164
17-03-2011 10:00,88,94
11-01-2011 17:00,185,227
03-04-2011 8:00,66,60
08-09-2011 4:00,5,4
02-02-2012 17:00,396,462
11-10-2011 3:00,5,4
06-08-2011 20:00,156,168
05-02-2011 0:00,33,37
09-06-2012 10:00,360,442
18-07-2011 13:00,174,170
15-04-2011 21:00,70,95
14-05-2011 13:00,152,179
11-05-2011 20:00,251,222
13-11-2011 03:00,24,21
07-10-2012 14:00,352,401
14-04-2012 09:00,285,274
17-01-2012 19:00,252,304
01-08-2011 11:00,88,153
11-02-2011 12:00,115,98
02-08-2012 5:00,27,21
10-12-2011 2:00,16,13
05-01-2011 19:00,128,68
01-06-2011 10:00,55,98
18-04-2011 15:00,143,148
15-03-2011 22:00,44,50
12-06-2012 15:00,143,108
04-04-2011 0:00,19,23
08-02-2011 3:00,3,2
14-06-2012 15:00,287,269
14-07-2011 10:00,142,124
16-02-2011 09:00,132,128
12-07-2012 18:00,726,775
08-09-2012 0:00,99,62
09-11-2011 4:00,6,5
18-09-2011 20:00,192,213
03-10-2012 20:00,353,320
11-04-2011 10:00,120,127
17-03-2012 04:00,10,9
12-07-2012 3:00,8,7
10-12-2012 10:00,202,203
10-11-2011 19:00,240,224
08-09-2012 3:00,13,10
08-09-2011 3:00,2,3
15-06-2011 15:00,190,178
04-06-2011 13:00,239,237
06-05-2011 12:00,246,215
16-10-2011 09:00,196,182
18-06-2011 11:00,348,366
15-05-2011 13:00,359,337
05-01-2012 11:00,164,151
05-08-2011 3:00,17,21
05-12-2012 10:00,207,211
02-03-2012 20:00,106,149
09-11-2012 17:00,712,612
15-03-2011 02:00,4,7
07-06-2012 21:00,288,308
09-06-2012 22:00,264,256
01-04-2011 12:00,72,84
17-06-2012 02:00,88,70
18-03-2012 11:00,383,403
03-01-2011 7:00,91,95
03-06-2012 22:00,183,183
04-05-2011 11:00,78,59
03-06-2012 10:00,283,343
10-07-2011 5:00,13,16
12-04-2011 2:00,25,43
01-08-2012 0:00,77,84
03-04-2012 2:00,24,35
03-05-2011 8:00,241,273
17-05-2011 13:00,113,106
19-11-2011 01:00,52,53
14-02-2011 11:00,83,101
05-06-2011 16:00,381,380
01-11-2011 6:00,40,52
09-06-2011 2:00,7,6
04-01-2012 18:00,255,360
09-05-2011 5:00,24,29
06-11-2012 4:00,5,5
04-12-2012 7:00,407,365
12-01-2012 21:00,189,194
18-04-2012 14:00,94,69
12-12-2012 22:00,122,119
01-08-2012 14:00,261,264
08-06-2012 20:00,424,433
05-09-2011 5:00,13,11
12-03-2012 15:00,283,264
11-11-2011 3:00,5,4
16-02-2012 00:00,23,17
11-12-2012 0:00,22,12
06-05-2011 11:00,198,160
18-08-2012 09:00,314,303
13-09-2012 09:00,370,348
16-09-2012 05:00,13,11
03-01-2012 18:00,282,297
03-04-2011 10:00,124,135
19-10-2011 17:00,186,201
07-08-2011 11:00,264,339
09-12-2011 2:00,5,4
15-09-2011 02:00,9,8
15-09-2012 23:00,187,192
07-03-2011 15:00,166,136
16-11-2011 15:00,63,61
02-02-2012 11:00,81,99
09-10-2011 9:00,207,203
07-11-2012 5:00,30,41
16-12-2011 05:00,19,27
14-01-2011 23:00,23,22
19-02-2011 09:00,67,73
17-03-2012 05:00,10,9
